{"data":{"allDatoCmsDirectorio":{"nodes":[{"titulod":"Organigrama","contenidod":[{"id":"DatoCmsContacto-43445147-en","puesto":"DIRECTOR ACADÉMICO","nombre":"DR. PEDRO FERNANDO INFANTE LEONIDES"},{"id":"DatoCmsContacto-43445148-en","puesto":"ADMINISTRADOR GENERAL","nombre":"M.A. y L.C.P. JOSE ROMAN SANTILLAN NAJERA"},{"id":"DatoCmsContacto-43445149-en","puesto":"RESPONSABLE DEL HOSPITAL","nombre":"DR. APOLINAR LORENZO SÁNCHEZ MARTÍNEZ"},{"id":"DatoCmsContacto-47624601-en","puesto":"DIRECTOR MEDICO","nombre":"DR. JOSÉ ROGELIO PÉREZ HERNÁNDEZ"},{"id":"DatoCmsContacto-43445152-en","puesto":"Tels: 55 5529 0913 /55  5526 0949 / 55 5529 4475 / 55 5529 6191 / 55 5772 3548","nombre":" "},{"id":"DatoCmsContacto-43445153-en","puesto":"","nombre":"Mail: elhmiap@prodigy.net.mx"}]},{"titulod":"Patronato","contenidod":[{"id":"DatoCmsContacto-81582225-en","puesto":"Presidente","nombre":"Dr. Ricardo Cortés García"},{"id":"DatoCmsContacto-81582226-en","puesto":"Secretario","nombre":"Dr. Álvaro Ángeles Oropeza"},{"id":"DatoCmsContacto-81582227-en","puesto":"Tesorero","nombre":"C.P. Mario Pérez Soto"},{"id":"DatoCmsContacto-81582228-en","puesto":"Vocal","nombre":"Lic. Celso Salomé Torres Quiroz"},{"id":"DatoCmsContacto-81582229-en","puesto":"Vocal","nombre":" Lic. Juan Carlos Velázquez Amador"},{"id":"DatoCmsContacto-81582230-en","puesto":"Vocal","nombre":"Dr. Fernando Darío Francois Flores"},{"id":"DatoCmsContacto-81582231-en","puesto":"Vocal","nombre":"Dr. Jesús Manuel García Arrieta"}]}]}}}