{"data":{"allDatoCmsCarousel":{"nodes":[{"id":"DatoCmsCarousel-43890963-en","imagen":{"fluid":{"srcSet":"https://www.datocms-assets.com/49811/1623958509-4.jpg?auto=format&dpr=0.04&w=5184 200w,\nhttps://www.datocms-assets.com/49811/1623958509-4.jpg?auto=format&dpr=0.08&w=5184 400w,\nhttps://www.datocms-assets.com/49811/1623958509-4.jpg?auto=format&dpr=0.16&w=5184 800w,\nhttps://www.datocms-assets.com/49811/1623958509-4.jpg?auto=format&dpr=0.24&w=5184 1200w,\nhttps://www.datocms-assets.com/49811/1623958509-4.jpg?auto=format&dpr=0.31&w=5184 1600w,\nhttps://www.datocms-assets.com/49811/1623958509-4.jpg?auto=format&dpr=0.47&w=5184 2400w,\nhttps://www.datocms-assets.com/49811/1623958509-4.jpg?auto=format&dpr=1&w=5184 5184w"}},"titulo":"Carrera de Medicina","parrafo":"Inscribite a nuestra carrera de Medicina"},{"id":"DatoCmsCarousel-43890964-en","imagen":{"fluid":{"srcSet":"https://www.datocms-assets.com/49811/1623958524-5.jpg?auto=format&dpr=0.04&w=5184 200w,\nhttps://www.datocms-assets.com/49811/1623958524-5.jpg?auto=format&dpr=0.08&w=5184 400w,\nhttps://www.datocms-assets.com/49811/1623958524-5.jpg?auto=format&dpr=0.16&w=5184 800w,\nhttps://www.datocms-assets.com/49811/1623958524-5.jpg?auto=format&dpr=0.24&w=5184 1200w,\nhttps://www.datocms-assets.com/49811/1623958524-5.jpg?auto=format&dpr=0.31&w=5184 1600w,\nhttps://www.datocms-assets.com/49811/1623958524-5.jpg?auto=format&dpr=0.47&w=5184 2400w,\nhttps://www.datocms-assets.com/49811/1623958524-5.jpg?auto=format&dpr=1&w=5184 5184w"}},"titulo":"Enfermería","parrafo":"Inscribite a nuestra carrera de Enfermería"},{"id":"DatoCmsCarousel-43890985-en","imagen":{"fluid":{"srcSet":"https://www.datocms-assets.com/49811/1623958538-3.jpg?auto=format&dpr=0.04&w=5184 200w,\nhttps://www.datocms-assets.com/49811/1623958538-3.jpg?auto=format&dpr=0.08&w=5184 400w,\nhttps://www.datocms-assets.com/49811/1623958538-3.jpg?auto=format&dpr=0.16&w=5184 800w,\nhttps://www.datocms-assets.com/49811/1623958538-3.jpg?auto=format&dpr=0.24&w=5184 1200w,\nhttps://www.datocms-assets.com/49811/1623958538-3.jpg?auto=format&dpr=0.31&w=5184 1600w,\nhttps://www.datocms-assets.com/49811/1623958538-3.jpg?auto=format&dpr=0.47&w=5184 2400w,\nhttps://www.datocms-assets.com/49811/1623958538-3.jpg?auto=format&dpr=1&w=5184 5184w"}},"titulo":"Escuela","parrafo":"Dale un vistazo a todos nuestros servicios escolares"},{"id":"DatoCmsCarousel-43890987-en","imagen":{"fluid":{"srcSet":"https://www.datocms-assets.com/49811/1623958552-1.jpg?auto=format&dpr=0.04&w=5184 200w,\nhttps://www.datocms-assets.com/49811/1623958552-1.jpg?auto=format&dpr=0.08&w=5184 400w,\nhttps://www.datocms-assets.com/49811/1623958552-1.jpg?auto=format&dpr=0.16&w=5184 800w,\nhttps://www.datocms-assets.com/49811/1623958552-1.jpg?auto=format&dpr=0.24&w=5184 1200w,\nhttps://www.datocms-assets.com/49811/1623958552-1.jpg?auto=format&dpr=0.31&w=5184 1600w,\nhttps://www.datocms-assets.com/49811/1623958552-1.jpg?auto=format&dpr=0.47&w=5184 2400w,\nhttps://www.datocms-assets.com/49811/1623958552-1.jpg?auto=format&dpr=1&w=5184 5184w"}},"titulo":"Servicios Médicos","parrafo":"Dale un vistazo a todos nuestros servicios médicos"},{"id":"DatoCmsCarousel-43891006-en","imagen":{"fluid":{"srcSet":"https://www.datocms-assets.com/49811/1623952029-phone-2386192.jpg?auto=format&dpr=0.04&w=5184 200w,\nhttps://www.datocms-assets.com/49811/1623952029-phone-2386192.jpg?auto=format&dpr=0.08&w=5184 400w,\nhttps://www.datocms-assets.com/49811/1623952029-phone-2386192.jpg?auto=format&dpr=0.16&w=5184 800w,\nhttps://www.datocms-assets.com/49811/1623952029-phone-2386192.jpg?auto=format&dpr=0.24&w=5184 1200w,\nhttps://www.datocms-assets.com/49811/1623952029-phone-2386192.jpg?auto=format&dpr=0.31&w=5184 1600w,\nhttps://www.datocms-assets.com/49811/1623952029-phone-2386192.jpg?auto=format&dpr=0.47&w=5184 2400w,\nhttps://www.datocms-assets.com/49811/1623952029-phone-2386192.jpg?auto=format&dpr=1&w=5184 5184w"}},"titulo":"¿Necesitas ayuda?","parrafo":"Contactanos y haznos saber tus dudas"},{"id":"DatoCmsCarousel-47761288-en","imagen":{"fluid":{"srcSet":"https://www.datocms-assets.com/49811/1626193094-doors-1613314.jpg?auto=format&dpr=0.07&w=3200 200w,\nhttps://www.datocms-assets.com/49811/1626193094-doors-1613314.jpg?auto=format&dpr=0.13&w=3200 400w,\nhttps://www.datocms-assets.com/49811/1626193094-doors-1613314.jpg?auto=format&dpr=0.25&w=3200 800w,\nhttps://www.datocms-assets.com/49811/1626193094-doors-1613314.jpg?auto=format&dpr=0.38&w=3200 1200w,\nhttps://www.datocms-assets.com/49811/1626193094-doors-1613314.jpg?auto=format&dpr=0.5&w=3200 1600w,\nhttps://www.datocms-assets.com/49811/1626193094-doors-1613314.jpg?auto=format&dpr=0.75&w=3200 2400w,\nhttps://www.datocms-assets.com/49811/1626193094-doors-1613314.jpg?auto=format&dpr=1&w=3200 3200w"}},"titulo":"Mapa de sitio","parrafo":"¿Perdido? Checa nuestro Mapa de Sitio"}]}}}