{"/*":["X-Frame-Options: DENY","X-XSS-Protection: 1; mode=block","X-Content-Type-Options: nosniff","Referrer-Policy: same-origin"],"/commons-6994d7a2f3c0d7b616d2.js":["Cache-Control: public, max-age=31536000, immutable"],"/component---src-components-carreras-js-1211528a9a0bd0fbf21b.js":["Cache-Control: public, max-age=31536000, immutable"],"/component---src-components-services-js-eecfc966c31ffdb23fe2.js":["Cache-Control: public, max-age=31536000, immutable"],"/component---src-components-escuela-js-6fc6db636843543490d2.js":["Cache-Control: public, max-age=31536000, immutable"],"/component---src-pages-404-js-6d8c70e072e9f4ed11fe.js":["Cache-Control: public, max-age=31536000, immutable"],"/component---src-pages-contacto-js-2ad2ec975ee574cb2295.js":["Cache-Control: public, max-age=31536000, immutable"],"/component---src-pages-historia-js-31bdb48a9fc84d47be13.js":["Cache-Control: public, max-age=31536000, immutable"],"/abd4f770b3fd6f8ca752f36b3a89721303580233-1a2c7efe274f768dc201.js":["Cache-Control: public, max-age=31536000, immutable"],"/component---src-pages-index-js-7f05c0116a633eb71668.js":["Cache-Control: public, max-age=31536000, immutable"],"/component---src-pages-mapa-de-sitio-js-92b76029cd49d9557b5c.js":["Cache-Control: public, max-age=31536000, immutable"],"/component---src-pages-nosotros-js-362a7663b112c3af4890.js":["Cache-Control: public, max-age=31536000, immutable"],"/component---src-pages-organigrama-js-7223546f4f524303732d.js":["Cache-Control: public, max-age=31536000, immutable"],"/component---src-pages-servicios-js-51ae7ac972ddbc1957de.js":["Cache-Control: public, max-age=31536000, immutable"],"/component---src-pages-aviso-de-privacidad-js-304971ee4b93341b20c0.js":["Cache-Control: public, max-age=31536000, immutable"],"/component---src-pages-patronato-js-9171974c1e041b441a9b.js":["Cache-Control: public, max-age=31536000, immutable"],"/webpack-runtime-fa2ed32f9c70513d84bd.js":["Cache-Control: public, max-age=31536000, immutable"],"/framework-89ddeb149991009fa125.js":["Cache-Control: public, max-age=31536000, immutable"],"/app-63474ca02d045ae441c2.js":["Cache-Control: public, max-age=31536000, immutable"],"/static/*":["Cache-Control: public, max-age=31536000, immutable"],"/sw.js":["Cache-Control: public, max-age=0, must-revalidate"],"/servicios/escuela/tramites-escolares/enfermeria":["Link: </webpack-runtime-fa2ed32f9c70513d84bd.js>; rel=preload; as=script; nopush","Link: </framework-89ddeb149991009fa125.js>; rel=preload; as=script; nopush","Link: </app-63474ca02d045ae441c2.js>; rel=preload; as=script; nopush","Link: </commons-6994d7a2f3c0d7b616d2.js>; rel=preload; as=script; nopush","Link: </component---src-components-carreras-js-1211528a9a0bd0fbf21b.js>; rel=preload; as=script; nopush","Link: </page-data/app-data.json>; rel=preload; as=fetch; crossorigin; nopush","Link: </page-data/servicios/escuela/tramites-escolares/enfermeria/page-data.json>; rel=preload; as=fetch; crossorigin; nopush"],"/servicios/escuela/tramites-escolares/medicina":["Link: </webpack-runtime-fa2ed32f9c70513d84bd.js>; rel=preload; as=script; nopush","Link: </framework-89ddeb149991009fa125.js>; rel=preload; as=script; nopush","Link: </app-63474ca02d045ae441c2.js>; rel=preload; as=script; nopush","Link: </commons-6994d7a2f3c0d7b616d2.js>; rel=preload; as=script; nopush","Link: </component---src-components-carreras-js-1211528a9a0bd0fbf21b.js>; rel=preload; as=script; nopush","Link: </page-data/app-data.json>; rel=preload; as=fetch; crossorigin; nopush","Link: </page-data/servicios/escuela/tramites-escolares/medicina/page-data.json>; rel=preload; as=fetch; crossorigin; nopush"],"/servicios/hospital":["Link: </webpack-runtime-fa2ed32f9c70513d84bd.js>; rel=preload; as=script; nopush","Link: </framework-89ddeb149991009fa125.js>; rel=preload; as=script; nopush","Link: </app-63474ca02d045ae441c2.js>; rel=preload; as=script; nopush","Link: </commons-6994d7a2f3c0d7b616d2.js>; rel=preload; as=script; nopush","Link: </component---src-components-services-js-eecfc966c31ffdb23fe2.js>; rel=preload; as=script; nopush","Link: </page-data/app-data.json>; rel=preload; as=fetch; crossorigin; nopush","Link: </page-data/servicios/hospital/page-data.json>; rel=preload; as=fetch; crossorigin; nopush"],"/servicios/escuela":["Link: </webpack-runtime-fa2ed32f9c70513d84bd.js>; rel=preload; as=script; nopush","Link: </framework-89ddeb149991009fa125.js>; rel=preload; as=script; nopush","Link: </app-63474ca02d045ae441c2.js>; rel=preload; as=script; nopush","Link: </commons-6994d7a2f3c0d7b616d2.js>; rel=preload; as=script; nopush","Link: </component---src-components-services-js-eecfc966c31ffdb23fe2.js>; rel=preload; as=script; nopush","Link: </page-data/app-data.json>; rel=preload; as=fetch; crossorigin; nopush","Link: </page-data/servicios/escuela/page-data.json>; rel=preload; as=fetch; crossorigin; nopush"],"/servicios/escuela/servicios-escolares":["Link: </webpack-runtime-fa2ed32f9c70513d84bd.js>; rel=preload; as=script; nopush","Link: </framework-89ddeb149991009fa125.js>; rel=preload; as=script; nopush","Link: </app-63474ca02d045ae441c2.js>; rel=preload; as=script; nopush","Link: </commons-6994d7a2f3c0d7b616d2.js>; rel=preload; as=script; nopush","Link: </component---src-components-escuela-js-6fc6db636843543490d2.js>; rel=preload; as=script; nopush","Link: </page-data/app-data.json>; rel=preload; as=fetch; crossorigin; nopush","Link: </page-data/servicios/escuela/servicios-escolares/page-data.json>; rel=preload; as=fetch; crossorigin; nopush"],"/servicios/escuela/tramites-escolares":["Link: </webpack-runtime-fa2ed32f9c70513d84bd.js>; rel=preload; as=script; nopush","Link: </framework-89ddeb149991009fa125.js>; rel=preload; as=script; nopush","Link: </app-63474ca02d045ae441c2.js>; rel=preload; as=script; nopush","Link: </commons-6994d7a2f3c0d7b616d2.js>; rel=preload; as=script; nopush","Link: </component---src-components-escuela-js-6fc6db636843543490d2.js>; rel=preload; as=script; nopush","Link: </page-data/app-data.json>; rel=preload; as=fetch; crossorigin; nopush","Link: </page-data/servicios/escuela/tramites-escolares/page-data.json>; rel=preload; as=fetch; crossorigin; nopush"],"/404/":["Link: </webpack-runtime-fa2ed32f9c70513d84bd.js>; rel=preload; as=script; nopush","Link: </framework-89ddeb149991009fa125.js>; rel=preload; as=script; nopush","Link: </app-63474ca02d045ae441c2.js>; rel=preload; as=script; nopush","Link: </commons-6994d7a2f3c0d7b616d2.js>; rel=preload; as=script; nopush","Link: </component---src-pages-404-js-6d8c70e072e9f4ed11fe.js>; rel=preload; as=script; nopush","Link: </page-data/app-data.json>; rel=preload; as=fetch; crossorigin; nopush","Link: </page-data/404/page-data.json>; rel=preload; as=fetch; crossorigin; nopush"],"/404.html":["Link: </webpack-runtime-fa2ed32f9c70513d84bd.js>; rel=preload; as=script; nopush","Link: </framework-89ddeb149991009fa125.js>; rel=preload; as=script; nopush","Link: </app-63474ca02d045ae441c2.js>; rel=preload; as=script; nopush","Link: </commons-6994d7a2f3c0d7b616d2.js>; rel=preload; as=script; nopush","Link: </component---src-pages-404-js-6d8c70e072e9f4ed11fe.js>; rel=preload; as=script; nopush","Link: </page-data/app-data.json>; rel=preload; as=fetch; crossorigin; nopush","Link: </page-data/404.html/page-data.json>; rel=preload; as=fetch; crossorigin; nopush"],"/contacto/":["Link: </webpack-runtime-fa2ed32f9c70513d84bd.js>; rel=preload; as=script; nopush","Link: </framework-89ddeb149991009fa125.js>; rel=preload; as=script; nopush","Link: </app-63474ca02d045ae441c2.js>; rel=preload; as=script; nopush","Link: </commons-6994d7a2f3c0d7b616d2.js>; rel=preload; as=script; nopush","Link: </component---src-pages-contacto-js-2ad2ec975ee574cb2295.js>; rel=preload; as=script; nopush","Link: </page-data/app-data.json>; rel=preload; as=fetch; crossorigin; nopush","Link: </page-data/contacto/page-data.json>; rel=preload; as=fetch; crossorigin; nopush"],"/historia/":["Link: </webpack-runtime-fa2ed32f9c70513d84bd.js>; rel=preload; as=script; nopush","Link: </framework-89ddeb149991009fa125.js>; rel=preload; as=script; nopush","Link: </app-63474ca02d045ae441c2.js>; rel=preload; as=script; nopush","Link: </commons-6994d7a2f3c0d7b616d2.js>; rel=preload; as=script; nopush","Link: </component---src-pages-historia-js-31bdb48a9fc84d47be13.js>; rel=preload; as=script; nopush","Link: </page-data/app-data.json>; rel=preload; as=fetch; crossorigin; nopush","Link: </page-data/historia/page-data.json>; rel=preload; as=fetch; crossorigin; nopush"],"/":["Link: </webpack-runtime-fa2ed32f9c70513d84bd.js>; rel=preload; as=script; nopush","Link: </framework-89ddeb149991009fa125.js>; rel=preload; as=script; nopush","Link: </app-63474ca02d045ae441c2.js>; rel=preload; as=script; nopush","Link: </commons-6994d7a2f3c0d7b616d2.js>; rel=preload; as=script; nopush","Link: </abd4f770b3fd6f8ca752f36b3a89721303580233-1a2c7efe274f768dc201.js>; rel=preload; as=script; nopush","Link: </component---src-pages-index-js-7f05c0116a633eb71668.js>; rel=preload; as=script; nopush","Link: </page-data/app-data.json>; rel=preload; as=fetch; crossorigin; nopush","Link: </page-data/index/page-data.json>; rel=preload; as=fetch; crossorigin; nopush"],"/mapa-de-sitio/":["Link: </webpack-runtime-fa2ed32f9c70513d84bd.js>; rel=preload; as=script; nopush","Link: </framework-89ddeb149991009fa125.js>; rel=preload; as=script; nopush","Link: </app-63474ca02d045ae441c2.js>; rel=preload; as=script; nopush","Link: </commons-6994d7a2f3c0d7b616d2.js>; rel=preload; as=script; nopush","Link: </abd4f770b3fd6f8ca752f36b3a89721303580233-1a2c7efe274f768dc201.js>; rel=preload; as=script; nopush","Link: </component---src-pages-mapa-de-sitio-js-92b76029cd49d9557b5c.js>; rel=preload; as=script; nopush","Link: </page-data/app-data.json>; rel=preload; as=fetch; crossorigin; nopush","Link: </page-data/mapa-de-sitio/page-data.json>; rel=preload; as=fetch; crossorigin; nopush"],"/nosotros/":["Link: </webpack-runtime-fa2ed32f9c70513d84bd.js>; rel=preload; as=script; nopush","Link: </framework-89ddeb149991009fa125.js>; rel=preload; as=script; nopush","Link: </app-63474ca02d045ae441c2.js>; rel=preload; as=script; nopush","Link: </commons-6994d7a2f3c0d7b616d2.js>; rel=preload; as=script; nopush","Link: </component---src-pages-nosotros-js-362a7663b112c3af4890.js>; rel=preload; as=script; nopush","Link: </page-data/app-data.json>; rel=preload; as=fetch; crossorigin; nopush","Link: </page-data/nosotros/page-data.json>; rel=preload; as=fetch; crossorigin; nopush"],"/organigrama/":["Link: </webpack-runtime-fa2ed32f9c70513d84bd.js>; rel=preload; as=script; nopush","Link: </framework-89ddeb149991009fa125.js>; rel=preload; as=script; nopush","Link: </app-63474ca02d045ae441c2.js>; rel=preload; as=script; nopush","Link: </commons-6994d7a2f3c0d7b616d2.js>; rel=preload; as=script; nopush","Link: </component---src-pages-organigrama-js-7223546f4f524303732d.js>; rel=preload; as=script; nopush","Link: </page-data/app-data.json>; rel=preload; as=fetch; crossorigin; nopush","Link: </page-data/organigrama/page-data.json>; rel=preload; as=fetch; crossorigin; nopush"],"/servicios/":["Link: </webpack-runtime-fa2ed32f9c70513d84bd.js>; rel=preload; as=script; nopush","Link: </framework-89ddeb149991009fa125.js>; rel=preload; as=script; nopush","Link: </app-63474ca02d045ae441c2.js>; rel=preload; as=script; nopush","Link: </commons-6994d7a2f3c0d7b616d2.js>; rel=preload; as=script; nopush","Link: </component---src-pages-servicios-js-51ae7ac972ddbc1957de.js>; rel=preload; as=script; nopush","Link: </page-data/app-data.json>; rel=preload; as=fetch; crossorigin; nopush","Link: </page-data/servicios/page-data.json>; rel=preload; as=fetch; crossorigin; nopush"],"/aviso-de-privacidad/":["Link: </webpack-runtime-fa2ed32f9c70513d84bd.js>; rel=preload; as=script; nopush","Link: </framework-89ddeb149991009fa125.js>; rel=preload; as=script; nopush","Link: </app-63474ca02d045ae441c2.js>; rel=preload; as=script; nopush","Link: </commons-6994d7a2f3c0d7b616d2.js>; rel=preload; as=script; nopush","Link: </component---src-pages-aviso-de-privacidad-js-304971ee4b93341b20c0.js>; rel=preload; as=script; nopush","Link: </page-data/app-data.json>; rel=preload; as=fetch; crossorigin; nopush","Link: </page-data/aviso-de-privacidad/page-data.json>; rel=preload; as=fetch; crossorigin; nopush"],"/patronato/":["Link: </webpack-runtime-fa2ed32f9c70513d84bd.js>; rel=preload; as=script; nopush","Link: </framework-89ddeb149991009fa125.js>; rel=preload; as=script; nopush","Link: </app-63474ca02d045ae441c2.js>; rel=preload; as=script; nopush","Link: </commons-6994d7a2f3c0d7b616d2.js>; rel=preload; as=script; nopush","Link: </component---src-pages-patronato-js-9171974c1e041b441a9b.js>; rel=preload; as=script; nopush","Link: </page-data/app-data.json>; rel=preload; as=fetch; crossorigin; nopush","Link: </page-data/patronato/page-data.json>; rel=preload; as=fetch; crossorigin; nopush"]}