{"polyfill":["/polyfill-a000735a40312f7afe11.js"],"app":["/app-63474ca02d045ae441c2.js"],"component---src-components-carreras-js":["/component---src-components-carreras-js-1211528a9a0bd0fbf21b.js"],"component---src-components-escuela-js":["/component---src-components-escuela-js-6fc6db636843543490d2.js"],"component---src-components-services-js":["/component---src-components-services-js-eecfc966c31ffdb23fe2.js"],"component---src-pages-404-js":["/component---src-pages-404-js-6d8c70e072e9f4ed11fe.js"],"component---src-pages-aviso-de-privacidad-js":["/component---src-pages-aviso-de-privacidad-js-304971ee4b93341b20c0.js"],"component---src-pages-contacto-js":["/component---src-pages-contacto-js-2ad2ec975ee574cb2295.js"],"component---src-pages-historia-js":["/component---src-pages-historia-js-31bdb48a9fc84d47be13.js"],"component---src-pages-index-js":["/component---src-pages-index-js-7f05c0116a633eb71668.js"],"component---src-pages-mapa-de-sitio-js":["/component---src-pages-mapa-de-sitio-js-92b76029cd49d9557b5c.js"],"component---src-pages-nosotros-js":["/component---src-pages-nosotros-js-362a7663b112c3af4890.js"],"component---src-pages-organigrama-js":["/component---src-pages-organigrama-js-7223546f4f524303732d.js"],"component---src-pages-patronato-js":["/component---src-pages-patronato-js-9171974c1e041b441a9b.js"],"component---src-pages-servicios-js":["/component---src-pages-servicios-js-51ae7ac972ddbc1957de.js"]}