{"namedChunkGroups":{"polyfill":{"name":"polyfill","assets":[{"name":"webpack-runtime-0bdacc10b98a29f58c43.js","size":4638},{"name":"polyfill-a000735a40312f7afe11.js","size":82509}],"filteredAssets":0,"assetsSize":87147,"filteredAuxiliaryAssets":2,"auxiliaryAssetsSize":217821},"app":{"name":"app","assets":[{"name":"webpack-runtime-0bdacc10b98a29f58c43.js","size":4638},{"name":"framework-89ddeb149991009fa125.js","size":128977},{"name":"app-63474ca02d045ae441c2.js","size":88258}],"filteredAssets":0,"assetsSize":221873,"filteredAuxiliaryAssets":3,"auxiliaryAssetsSize":762058},"component---src-components-carreras-js":{"name":"component---src-components-carreras-js","assets":[{"name":"commons-6994d7a2f3c0d7b616d2.js","size":26138},{"name":"component---src-components-carreras-js-1211528a9a0bd0fbf21b.js","size":2758}],"filteredAssets":0,"assetsSize":28896,"filteredAuxiliaryAssets":2,"auxiliaryAssetsSize":101927},"component---src-components-escuela-js":{"name":"component---src-components-escuela-js","assets":[{"name":"commons-6994d7a2f3c0d7b616d2.js","size":26138},{"name":"component---src-components-escuela-js-6fc6db636843543490d2.js","size":2708}],"filteredAssets":0,"assetsSize":28846,"filteredAuxiliaryAssets":2,"auxiliaryAssetsSize":99535},"component---src-components-services-js":{"name":"component---src-components-services-js","assets":[{"name":"commons-6994d7a2f3c0d7b616d2.js","size":26138},{"name":"component---src-components-services-js-eecfc966c31ffdb23fe2.js","size":3287}],"filteredAssets":0,"assetsSize":29425,"filteredAuxiliaryAssets":2,"auxiliaryAssetsSize":102714},"component---src-pages-404-js":{"name":"component---src-pages-404-js","assets":[{"name":"commons-6994d7a2f3c0d7b616d2.js","size":26138},{"name":"component---src-pages-404-js-6d8c70e072e9f4ed11fe.js","size":415}],"filteredAssets":0,"assetsSize":26553,"filteredAuxiliaryAssets":2,"auxiliaryAssetsSize":91248},"component---src-pages-aviso-de-privacidad-js":{"name":"component---src-pages-aviso-de-privacidad-js","assets":[{"name":"commons-6994d7a2f3c0d7b616d2.js","size":26138},{"name":"component---src-pages-aviso-de-privacidad-js-304971ee4b93341b20c0.js","size":1064}],"filteredAssets":0,"assetsSize":27202,"filteredAuxiliaryAssets":2,"auxiliaryAssetsSize":93474},"component---src-pages-contacto-js":{"name":"component---src-pages-contacto-js","assets":[{"name":"commons-6994d7a2f3c0d7b616d2.js","size":26138},{"name":"component---src-pages-contacto-js-2ad2ec975ee574cb2295.js","size":4674}],"filteredAssets":0,"assetsSize":30812,"filteredAuxiliaryAssets":2,"auxiliaryAssetsSize":104939},"component---src-pages-historia-js":{"name":"component---src-pages-historia-js","assets":[{"name":"commons-6994d7a2f3c0d7b616d2.js","size":26138},{"name":"component---src-pages-historia-js-31bdb48a9fc84d47be13.js","size":1999}],"filteredAssets":0,"assetsSize":28137,"filteredAuxiliaryAssets":2,"auxiliaryAssetsSize":98096},"component---src-pages-index-js":{"name":"component---src-pages-index-js","assets":[{"name":"commons-6994d7a2f3c0d7b616d2.js","size":26138},{"name":"abd4f770b3fd6f8ca752f36b3a89721303580233-1a2c7efe274f768dc201.js","size":43307},{"name":"component---src-pages-index-js-7f05c0116a633eb71668.js","size":6345}],"filteredAssets":0,"assetsSize":75790,"filteredAuxiliaryAssets":3,"auxiliaryAssetsSize":273334},"component---src-pages-mapa-de-sitio-js":{"name":"component---src-pages-mapa-de-sitio-js","assets":[{"name":"commons-6994d7a2f3c0d7b616d2.js","size":26138},{"name":"abd4f770b3fd6f8ca752f36b3a89721303580233-1a2c7efe274f768dc201.js","size":43307},{"name":"component---src-pages-mapa-de-sitio-js-92b76029cd49d9557b5c.js","size":5026}],"filteredAssets":0,"assetsSize":74471,"filteredAuxiliaryAssets":3,"auxiliaryAssetsSize":267984},"component---src-pages-nosotros-js":{"name":"component---src-pages-nosotros-js","assets":[{"name":"commons-6994d7a2f3c0d7b616d2.js","size":26138},{"name":"component---src-pages-nosotros-js-362a7663b112c3af4890.js","size":1480}],"filteredAssets":0,"assetsSize":27618,"filteredAuxiliaryAssets":2,"auxiliaryAssetsSize":93898},"component---src-pages-organigrama-js":{"name":"component---src-pages-organigrama-js","assets":[{"name":"commons-6994d7a2f3c0d7b616d2.js","size":26138},{"name":"component---src-pages-organigrama-js-7223546f4f524303732d.js","size":1035}],"filteredAssets":0,"assetsSize":27173,"filteredAuxiliaryAssets":2,"auxiliaryAssetsSize":93319},"component---src-pages-patronato-js":{"name":"component---src-pages-patronato-js","assets":[{"name":"commons-6994d7a2f3c0d7b616d2.js","size":26138},{"name":"component---src-pages-patronato-js-9171974c1e041b441a9b.js","size":1032}],"filteredAssets":0,"assetsSize":27170,"filteredAuxiliaryAssets":2,"auxiliaryAssetsSize":93051},"component---src-pages-servicios-js":{"name":"component---src-pages-servicios-js","assets":[{"name":"commons-6994d7a2f3c0d7b616d2.js","size":26138},{"name":"component---src-pages-servicios-js-51ae7ac972ddbc1957de.js","size":1652}],"filteredAssets":0,"assetsSize":27790,"filteredAuxiliaryAssets":2,"auxiliaryAssetsSize":95694}},"assetsByChunkName":{"polyfill":["webpack-runtime-0bdacc10b98a29f58c43.js","polyfill-a000735a40312f7afe11.js"],"app":["webpack-runtime-0bdacc10b98a29f58c43.js","framework-89ddeb149991009fa125.js","app-63474ca02d045ae441c2.js"],"component---src-components-carreras-js":["commons-6994d7a2f3c0d7b616d2.js","component---src-components-carreras-js-1211528a9a0bd0fbf21b.js"],"component---src-components-escuela-js":["commons-6994d7a2f3c0d7b616d2.js","component---src-components-escuela-js-6fc6db636843543490d2.js"],"component---src-components-services-js":["commons-6994d7a2f3c0d7b616d2.js","component---src-components-services-js-eecfc966c31ffdb23fe2.js"],"component---src-pages-404-js":["commons-6994d7a2f3c0d7b616d2.js","component---src-pages-404-js-6d8c70e072e9f4ed11fe.js"],"component---src-pages-aviso-de-privacidad-js":["commons-6994d7a2f3c0d7b616d2.js","component---src-pages-aviso-de-privacidad-js-304971ee4b93341b20c0.js"],"component---src-pages-contacto-js":["commons-6994d7a2f3c0d7b616d2.js","component---src-pages-contacto-js-2ad2ec975ee574cb2295.js"],"component---src-pages-historia-js":["commons-6994d7a2f3c0d7b616d2.js","component---src-pages-historia-js-31bdb48a9fc84d47be13.js"],"component---src-pages-index-js":["commons-6994d7a2f3c0d7b616d2.js","abd4f770b3fd6f8ca752f36b3a89721303580233-1a2c7efe274f768dc201.js","component---src-pages-index-js-7f05c0116a633eb71668.js"],"component---src-pages-mapa-de-sitio-js":["commons-6994d7a2f3c0d7b616d2.js","abd4f770b3fd6f8ca752f36b3a89721303580233-1a2c7efe274f768dc201.js","component---src-pages-mapa-de-sitio-js-92b76029cd49d9557b5c.js"],"component---src-pages-nosotros-js":["commons-6994d7a2f3c0d7b616d2.js","component---src-pages-nosotros-js-362a7663b112c3af4890.js"],"component---src-pages-organigrama-js":["commons-6994d7a2f3c0d7b616d2.js","component---src-pages-organigrama-js-7223546f4f524303732d.js"],"component---src-pages-patronato-js":["commons-6994d7a2f3c0d7b616d2.js","component---src-pages-patronato-js-9171974c1e041b441a9b.js"],"component---src-pages-servicios-js":["commons-6994d7a2f3c0d7b616d2.js","component---src-pages-servicios-js-51ae7ac972ddbc1957de.js"]},"childAssetsByChunkName":{}}