{"data":{"allDatoCmsAvisodeprivacidad":{"nodes":[{"aviso":{"value":{"schema":"dast","document":{"type":"root","children":[{"type":"heading","level":6,"children":[{"type":"span","value":"Escuela libre de Homeopatía de México I. A. P. con domicilio en Avenida Peralvillo 75 Col. Morelos Del. Cuauhtémoc, 06200, México D.F. de conformidad con lo dispuesto en la Ley Federal de  Protección de Datos Personales en Posesión de los Particulares. Hace su conocimiento lo siguiente:"}]},{"type":"paragraph","children":[{"type":"span","value":""}]},{"type":"paragraph","children":[{"type":"span","value":"                 1. Los datos Personales que recabamos de usted, los utilizaremos para las siguientes finalidades que son necesarias para el servicio que solicita: "}]},{"type":"paragraph","children":[{"type":"span","value":"                     1.1  Atención Educativa:  "}]},{"type":"paragraph","children":[{"type":"span","value":"                          1.1.1  Identificación  como alumno de la institución y expediente.  "}]},{"type":"paragraph","children":[{"type":"span","value":"                          1.1.2  Contacto  vía correo electrónico o teléfono para informarle de tramites o noticias de su interés respecto al ámbito escolar.  "}]},{"type":"paragraph","children":[{"type":"span","value":"                          1.1.3  Contrato de servicios se proporcionarán sólo los datos personales requeridos por la institución para realizar su labor"}]},{"type":"paragraph","children":[{"type":"span","value":"                            , por ejemplo:  al seguro  con la finalidad de darlo de alta; Hospitales de convenio de internado Rotatorio de Pre grado y Servicio social.  "}]},{"type":"paragraph","children":[{"type":"span","value":"                          1.1.4  Transferencia de datos a SEP  para acreditaciones y certificaciones, intercambios académicos, sólo recibirán aquellos"}]},{"type":"paragraph","children":[{"type":"span","value":"                        datos personales que requieran  "}]},{"type":"paragraph","children":[{"type":"span","value":"                     1.2  Atención Hospitalaria:  "}]},{"type":"paragraph","children":[{"type":"span","value":"                          1.2.1  Identificación  como paciente de la institución y expediente  "}]},{"type":"paragraph","children":[{"type":"span","value":"                          1.2.2  Datos sensibles  estado de salud, antecedentes e historial clínico e información sobre el modo de vida, necesarios o convenientes."}]},{"type":"paragraph","children":[{"type":"span","value":"                        Serán mantenidos  y tratados con estricta seguridad y confidencialidad para fines relacionados con la prestación de servicios de salud y conforme"}]},{"type":"paragraph","children":[{"type":"span","value":"                        a este Aviso de Privacidad  "}]},{"type":"paragraph","children":[{"type":"span","value":"                          1.2.3  Prestación de servicios hospitalarios  hospitalización, cirugía, atención de enfermería, servicios farmacéuticos, análisis de laboratorio radiología e imagen, estudios y análisis patológicos, terapia, rehabilitación, dieta y nutrición.  "}]},{"type":"paragraph","children":[{"type":"span","value":"                          1.2.4  Archivo Clínico:  creación, estudios, análisis, actualización y mantenimiento.  "}]},{"type":"paragraph","children":[{"type":"span","value":"                          1.2.5  Datos Financieros:  Facturación y cobranza por servicios.  "}]},{"type":"paragraph","children":[{"type":"span","value":"                          1.2.6  Mantenimiento de registros:  para seguimiento a servicios.  "}]},{"type":"paragraph","children":[{"type":"span","value":"                          1.2.7  Contacto:   vía correo electrónico o teléfono para informarle de tramites o noticias de su interés respecto a su atención médica.  "}]},{"type":"paragraph","children":[{"type":"span","value":"                 Para llevar a cabo las finalidades descritas en el presente aviso de privacidad, utilizaremos los siguientes datos personales nombre completo, edad, sexo, estado civil, domicilio, teléfono, correo electrónico, firma autógrafa y fotografía. "}]},{"type":"paragraph","children":[{"type":"span","value":"                "}]},{"type":"paragraph","children":[{"type":"span","value":"                 Solicitamos su consentimiento para efectos de continuar con el uso de  los mismos, haciendo de su conocimiento que éstos no serán transferidos a terceros y únicamente se les dará el uso señalado en el primer punto del presente aviso. "}]},{"type":"paragraph","children":[{"type":"span","value":"                "}]},{"type":"paragraph","children":[{"type":"span","value":"                 2. De manera adicional utilizaremos su información para las siguientes finalidades: "}]},{"type":"paragraph","children":[{"type":"span","value":"                     2.1 Administrar la matricula de las personas físicas o morales que tienen alguna relación de cualquier tipo con la Escuela Libre de Homeopatía de México en su carácter de alumnos, pacientes, alumnos egresados, profesores, profesores invitados, personal laboral, proveedores, asociaciones e instituciones científicas "}]},{"type":"paragraph","children":[{"type":"span","value":"                     2.2 Para estadísticas del Instituto Nacional de Estadística y Geografía (INEGI), la Secretaría de Educación Pública (SEP) y la Secretaría de Salud. "}]},{"type":"paragraph","children":[{"type":"span","value":"                 3. La Escuela Libre de Homeopatía de México, I. A. P. tratará y resguardará sus datos personales con base en los principios de licitud, calidad, consentimiento, finalidad, lealtad y responsabilidad consagrados en la Ley Federal de Protección de Datos Personales en Posesión de los Particulares. "}]},{"type":"paragraph","children":[{"type":"span","value":"                 4.  Solicitar el acceso, la actualización, cancelación u oposición al tratamiento de datos personales.   "}]},{"type":"paragraph","children":[{"type":"span","value":"                     Los titulares de los datos personales podrán ejercer sus derechos de acceso, rectificación, cancelación y oposición contenidos en la Ley Federal de Protección de Datos Personales en Posesión de los Particulares, mediante el formulario que podrá obtener mediante solicitud en la dirección administrativa de la institución.   "}]},{"type":"paragraph","children":[{"type":"span","value":""}]},{"type":"heading","level":5,"children":[{"type":"span","value":"Actualizaciones o Cambios a Política de Privacidad"}]},{"type":"paragraph","children":[{"type":"span","value":""}]},{"type":"paragraph","children":[{"type":"span","value":"                   La Escuela Libre de Homeopatía de México, I. A. P. se reserva el derecho de efectuar en cualquier momento modificaciones o actualizaciones al presente aviso de privacidad, para la atención de políticas internas, nuevos requerimientos para la presentación u ofrecimiento de nuestros servicios."}]},{"type":"paragraph","children":[{"type":"span","value":" "}]}]}}}}]}}}